airline,p_in,p_out
Qantas Airways,88358360,86911856
Air France,49203,44949
Merpati Nusantara Airlines,126103,137864
Indonesia AirAsia,1867739,1822503
United Parcel Service,0,0
Japan Airlines,6274630,6253517
British Airways,6690216,6398725
Air Niugini,2202492,2206907
Virgin Australia,14179837,14406272
Solomon Airlines,341190,337852
Jetstar,17716066,17691318
Lufthansa German Airlines,388423,384720
Sichuan Airlines,315290,327792
Our Airline,21417,22477
China Southern Airlines,4924584,4864893
Polynesian Airlines,169690,171723
Tiger Airways,280774,285465
Continental Airlines,1844421,1837681
Flying Tiger Line,0,0
Air Pacific,2903906,2867991
Union de Transports Aeriens,166226,163684
Air New Zealand,29954320,29775200
Thai Airways International,10372338,10172398
Olympic Airways,623952,614792
China Airlines,2239398,2400579
SriLankan Airlines,275892,255059
United Airlines,7628633,7700715
Polar Air Cargo,0,0
Air Australia,93102,97858
Singapore Airlines,31700483,30907050
Royal Brunei Airlines,1645514,1644621
Delta Air Lines,924956,931350
Malaysia Airlines,13503631,13041721
Eva Air,947574,937077
Cargolux Airlines Intl,0,0
Xiamen Airlines,382401,364217
Emirates,20495186,19695291
Air Mauritius,545896,529141
Aerolineas Argentinas,601001,613392
Air China,2655421,2645102
Cathay Pacific Airways,16112468,15663363
Federal Express Corporation,0,0
Connie Kalitta Services,0,0
Batik Air Indonesia,153406,139380
AirAsia X,6177279,5944129
Tasman Cargo Airlines,0,0
Air Vanuatu,1143270,1131902
Air India,692786,638851
Garuda Indonesia,7137892,7113075
Pacific Air Express,0,0
Jetstar Asia,765617,764389
Alitalia,634175,645719
Martinair Holland,0,0
Canadian Airlines Intl,402349,413638
Lauda Air,696959,732400
Jin Air,9327,8100
Philippine Airlines,2297803,2137474
Asiana Airlines,1752675,1736335
Scoot Tigerair,978741,928848
Australian Airlines,1016440,1007725
Qatar Airways,2876896,3132866
China Eastern Airlines,3300530,3188819
Air Caledonie International,406401,419358
Yugoslav Airlines,156746,153542
Evergreen Intl Airlines,0,0
Air Canada,1844908,1867054
EgyptAir,121462,120594
American Airlines,478967,466955
All Nippon Airways,1113138,1133755
Air Nauru,111940,103832
Ansett International,1830582,1794879
LATAM Airlines,369130,370531
Middle East Airlines,36355,30771
Korean Air,3407468,3338623
AOM French Airlines,41856,38728
Silk Air,335114,347064
LAN Airlines,529200,539084
Vietnam Airlines,2269817,2271784
Airnorth,11561,12929
Beijing Capital Airlines,137544,139819
Lan Chile,220742,243566
South African Airways,1449809,1369987
Samoa Airways,31874,29891
Aeroflot Russian Intl A/l,30520,24440
Air Zimbabwe,14199,13272
Nauru Airlines,73153,71668
KLM Royal Dutch Airlines,501784,520448
Etihad Airways,4785681,4833987
Gulf Air,564156,541544
Continental Micronesia,187787,190928
Fiji Airways,2154939,2164052
Pan American,81645,77595
Malindo Air,536023,504582
National Jet Systems,8105,8584
Austrian Airlines,204692,201721
Air Caledonie,788243,781585
Virgin Atlantic Airways,765259,742996
Tigerair,228106,245880
Northwest Airlines,252743,255578
Asian Express Airlines,0,0
Airlines PNG,53567,51740
V Australia,683542,695359
Hawaiian Airlines,1226890,1248688
OzJet,8995,8934
Freedom Air International,1767462,1755779
Scoot,1307373,1263345
Pel-Air Aviation,0,0
Flight West Airlines,7810,6759
Air Paradise International,239392,240804
Virgin Samoa,260431,264494
Cook Islands International,6611,7846
Australia Asia Airlines,199735,193422
Mandarin Airlines,201674,198126
Royal Tongan Airlines,12915,13427
Air Chathams,933,945
Air Austral,31682,32605
Tigerair Australia,107900,128761
Air Tahiti Nui,72562,76001
JALways,656559,640380
Kiwi Travel Intl Airlines,43699,44742
Tianjin Airlines,76680,76292
Hong Kong Airlines,95585,95368
Sempati Air,142952,142463
Hainan Airlines,379367,380255
National Airlines,0,0
Valuair,22158,21607
SkyAirWorld,5594,4974
Kalitta Air,0,0
Cebu Pacific Air,526121,473792
Transair,0,0
Donghai Airlines,7143,6340
Ansett Air Freight,0,0
Swissair,4971,5263
Norfolk Jet Express,0,0
Indonesia AirAsia Extra,150706,154909
MBA Pty Ltd,667,974
Citilink Indonesia,11418,11675
Gemini Air Cargo,0,0
Thai AirAsia X,29886,24683
