Airline,Month,Freight_In_(tonnes),Rolling_Window
Virgin Australia,1,793.1759999999999,
Virgin Australia,2,705.016,
Virgin Australia,3,923.536,807.2426666666667
Virgin Australia,4,966.311,864.9543333333332
Virgin Australia,5,995.7499999999999,961.8656666666666
Virgin Australia,6,1186.326,1049.4623333333332
Virgin Australia,7,1516.5449999999998,1232.8736666666666
Virgin Australia,8,1793.7269999999999,1498.866
Virgin Australia,9,1370.2820000000002,1560.1846666666668
Virgin Australia,10,1440.8469999999998,1534.952
Virgin Australia,11,1470.953,1427.3606666666667
Virgin Australia,12,1296.616,1402.805333333333
Emirates,1,3541.808,
Emirates,2,4033.2880000000005,
Emirates,3,3968.001,3847.6990000000005
Emirates,4,3358.2239999999997,3786.5043333333338
Emirates,5,3449.344,3591.856333333333
Emirates,6,3764.675,3524.081
Emirates,7,4234.836,3816.285
Emirates,8,3986.447,3995.3193333333334
Emirates,9,3830.9549999999995,4017.4126666666666
Emirates,10,4186.467000000001,4001.289666666667
Emirates,11,4186.593,4068.0049999999997
Emirates,12,3961.453,4111.504333333333
LATAM Airlines,1,304.03700000000003,
LATAM Airlines,2,222.103,
LATAM Airlines,3,270.56,265.56666666666666
LATAM Airlines,4,174.32100000000003,222.328
LATAM Airlines,5,245.327,230.06933333333336
LATAM Airlines,6,178.713,199.45366666666666
LATAM Airlines,7,199.18,207.74
LATAM Airlines,8,270.751,216.21466666666666
LATAM Airlines,9,178.297,216.07600000000002
LATAM Airlines,10,237.707,228.91833333333332
LATAM Airlines,11,251.594,222.53266666666664
LATAM Airlines,12,248.57,245.957
Samoa Airways,1,0.0,
Samoa Airways,2,0.0,
Samoa Airways,3,0.0,0.0
Samoa Airways,4,0.0,0.0
Samoa Airways,5,0.0,0.0
Samoa Airways,6,0.284,0.09466666666666666
Samoa Airways,7,0.24,0.17466666666666666
Samoa Airways,8,0.587,0.37033333333333335
Samoa Airways,9,0.387,0.4046666666666667
Samoa Airways,10,0.576,0.5166666666666666
Samoa Airways,11,0.081,0.34800000000000003
Samoa Airways,12,0.0,0.21899999999999997
Air New Zealand,1,3065.998,
Air New Zealand,2,2998.86,
Air New Zealand,3,3009.986,3024.9480000000003
Air New Zealand,4,2243.001,2750.615666666667
Air New Zealand,5,2270.0229999999997,2507.67
Air New Zealand,6,2490.888,2334.6373333333336
Air New Zealand,7,2779.268,2513.393
Air New Zealand,8,2426.1259999999997,2565.4273333333335
Air New Zealand,9,2232.263,2479.219
Air New Zealand,10,2405.744,2354.711
Air New Zealand,11,2314.94,2317.649
Air New Zealand,12,2837.294,2519.326
Malaysia Airlines,1,1231.977,
Malaysia Airlines,2,1337.934,
Malaysia Airlines,3,1795.393,1455.1013333333333
Malaysia Airlines,4,1761.279,1631.5353333333333
Malaysia Airlines,5,1717.96,1758.2106666666666
Malaysia Airlines,6,1874.514,1784.5843333333332
Malaysia Airlines,7,2031.079,1874.5176666666666
Malaysia Airlines,8,1944.932,1950.175
Malaysia Airlines,9,2036.92,2004.3103333333331
Malaysia Airlines,10,2226.757,2069.5363333333335
Malaysia Airlines,11,2013.021,2092.232666666667
Malaysia Airlines,12,1646.104,1961.9606666666668
Qantas Airways,1,5242.937,
Qantas Airways,2,5287.553999999999,
Qantas Airways,3,6408.251,5646.247333333333
Qantas Airways,4,5678.918000000001,5791.574333333333
Qantas Airways,5,6078.607,6055.258666666666
Qantas Airways,6,6122.383000000001,5959.969333333333
Qantas Airways,7,6697.569,6299.519666666667
Qantas Airways,8,7039.26,6619.7373333333335
Qantas Airways,9,6424.328,6720.385666666666
Qantas Airways,10,6806.28,6756.622666666667
Qantas Airways,11,6792.456,6674.354666666666
Qantas Airways,12,5793.261,6463.999
Malindo Air,1,2.62,
Malindo Air,2,2.4,
Malindo Air,3,3.858,2.9593333333333334
Malindo Air,4,3.5700000000000003,3.276
Malindo Air,5,2.0,3.142666666666667
Malindo Air,6,4.215,3.2616666666666667
Malindo Air,7,4.7,3.638333333333333
Malindo Air,8,6.309,5.074666666666666
Malindo Air,9,7.235,6.081333333333333
Malindo Air,10,0.0,4.514666666666667
Malindo Air,11,0.0,2.4116666666666666
Malindo Air,12,0.0,0.0
Silk Air,1,22.492,
Silk Air,2,26.568,
Silk Air,3,27.107,25.389
Silk Air,4,24.536,26.070333333333334
Silk Air,5,23.223,24.955333333333332
Silk Air,6,22.401,23.386666666666667
Silk Air,7,28.472,24.698666666666668
Silk Air,8,22.808,24.560333333333332
Silk Air,9,18.576,23.285333333333337
Silk Air,10,20.826,20.736666666666665
Silk Air,11,19.004,19.468666666666667
Silk Air,12,17.556,19.128666666666664
Jetstar,1,877.5229999999999,
Jetstar,2,973.2830000000001,
Jetstar,3,1230.886,1027.2306666666666
Jetstar,4,1315.688,1173.2856666666667
Jetstar,5,1472.067,1339.547
Jetstar,6,1459.717,1415.8239999999998
Jetstar,7,1612.2200000000003,1514.6680000000003
Jetstar,8,1276.94,1449.6256666666668
Jetstar,9,1483.1100000000001,1457.4233333333334
Jetstar,10,1599.156,1453.0686666666668
Jetstar,11,1650.0420000000001,1577.436
Jetstar,12,1217.334,1488.844
Jetstar Asia,1,10.599,
Jetstar Asia,2,4.931,
Jetstar Asia,3,8.199,7.909666666666666
Jetstar Asia,4,11.144,8.091333333333333
Jetstar Asia,5,6.723,8.688666666666666
Jetstar Asia,6,7.893,8.586666666666666
Jetstar Asia,7,6.2,6.938666666666666
Jetstar Asia,8,7.87,7.321000000000001
Jetstar Asia,9,10.195,8.088333333333333
Jetstar Asia,10,9.936,9.333666666666668
Jetstar Asia,11,9.47,9.866999999999999
Jetstar Asia,12,9.224,9.543333333333335
Polar Air Cargo,1,611.873,
Polar Air Cargo,2,664.645,
Polar Air Cargo,3,794.327,690.2816666666668
Polar Air Cargo,4,780.48,746.484
Polar Air Cargo,5,838.337,804.3813333333334
Polar Air Cargo,6,819.385,812.734
Polar Air Cargo,7,836.6579999999999,831.46
Polar Air Cargo,8,757.866,804.6363333333333
Polar Air Cargo,9,735.1310000000001,776.5516666666666
Polar Air Cargo,10,798.53,763.8423333333334
Polar Air Cargo,11,761.3019999999999,764.9876666666665
Polar Air Cargo,12,673.109,744.3136666666666
China Southern Airlines,1,1363.429,
China Southern Airlines,2,1017.458,
China Southern Airlines,3,1385.85,1255.579
China Southern Airlines,4,1954.392,1452.5666666666666
China Southern Airlines,5,1353.958,1564.7333333333333
China Southern Airlines,6,1756.499,1688.2830000000001
China Southern Airlines,7,2231.04,1780.499
China Southern Airlines,8,2289.446,2092.3283333333334
China Southern Airlines,9,1488.843,2003.1096666666665
China Southern Airlines,10,1425.751,1734.68
China Southern Airlines,11,1768.593,1561.0623333333333
China Southern Airlines,12,1545.179,1579.8410000000001
China Airlines,1,347.787,
China Airlines,2,497.697,
China Airlines,3,526.072,457.18533333333335
China Airlines,4,503.455,509.07466666666664
China Airlines,5,571.604,533.7103333333333
China Airlines,6,746.304,607.121
China Airlines,7,591.2090000000001,636.3723333333334
China Airlines,8,541.437,626.3166666666667
China Airlines,9,626.5740000000001,586.4066666666668
China Airlines,10,618.0820000000001,595.3643333333333
China Airlines,11,489.026,577.8940000000001
China Airlines,12,696.635,601.2476666666668
SriLankan Airlines,1,158.269,
SriLankan Airlines,2,184.491,
SriLankan Airlines,3,204.06,182.27333333333334
SriLankan Airlines,4,214.524,201.025
SriLankan Airlines,5,187.376,201.98666666666668
SriLankan Airlines,6,158.418,186.77266666666665
SriLankan Airlines,7,239.773,195.189
SriLankan Airlines,8,256.405,218.19866666666667
SriLankan Airlines,9,250.51,248.896
SriLankan Airlines,10,278.446,261.787
SriLankan Airlines,11,252.958,260.638
SriLankan Airlines,12,213.216,248.20666666666668
Federal Express Corporation,1,963.277,
Federal Express Corporation,2,1052.282,
Federal Express Corporation,3,1164.613,1060.0573333333334
Federal Express Corporation,4,1116.219,1111.038
Federal Express Corporation,5,1122.42,1134.4173333333335
Federal Express Corporation,6,1135.624,1124.7543333333333
Federal Express Corporation,7,1184.462,1147.5020000000002
Federal Express Corporation,8,1180.615,1166.9003333333333
Federal Express Corporation,9,1178.574,1181.217
Federal Express Corporation,10,1222.856,1194.015
Federal Express Corporation,11,1613.277,1338.2356666666667
Federal Express Corporation,12,1903.804,1579.979
American Airlines,1,7.252,
American Airlines,2,3.376,
American Airlines,3,11.252,7.293333333333334
American Airlines,4,25.526,13.384666666666666
American Airlines,5,54.639,30.472333333333335
American Airlines,6,31.068,37.077666666666666
American Airlines,7,2.206,29.304333333333336
American Airlines,8,159.553,64.27566666666667
American Airlines,9,51.658,71.139
American Airlines,10,5.411,72.20733333333332
American Airlines,11,2.429,19.832666666666665
American Airlines,12,7.778,5.2059999999999995
Nauru Airlines,1,4.302,
Nauru Airlines,2,1.204,
Nauru Airlines,3,2.742,2.749333333333333
Nauru Airlines,4,4.902,2.949333333333333
Nauru Airlines,5,2.495,3.3796666666666666
Nauru Airlines,6,6.279,4.558666666666666
Nauru Airlines,7,1.801,3.5250000000000004
Nauru Airlines,8,6.028,4.7026666666666666
Nauru Airlines,9,3.829,3.8859999999999997
Nauru Airlines,10,3.764,4.540333333333333
Nauru Airlines,11,3.531,3.708
Nauru Airlines,12,29.558,12.284333333333334
AirAsia X,1,853.326,
AirAsia X,2,582.159,
AirAsia X,3,975.4910000000001,803.6586666666667
AirAsia X,4,1194.762,917.4706666666667
AirAsia X,5,1303.583,1157.9453333333333
AirAsia X,6,1315.004,1271.1163333333334
AirAsia X,7,1108.0240000000001,1242.2036666666668
AirAsia X,8,1293.164,1238.7306666666666
AirAsia X,9,1188.732,1196.64
AirAsia X,10,1084.0,1188.6319999999998
AirAsia X,11,1325.9060000000002,1199.546
AirAsia X,12,1041.45,1150.452
Thai Airways International,1,1157.581,
Thai Airways International,2,1253.077,
Thai Airways International,3,1533.803,1314.8203333333333
Thai Airways International,4,1307.978,1364.9526666666668
Thai Airways International,5,1495.886,1445.8890000000001
Thai Airways International,6,1434.936,1412.9333333333334
Thai Airways International,7,1507.721,1479.5143333333333
Thai Airways International,8,1581.931,1508.196
Thai Airways International,9,1537.271,1542.3076666666666
Thai Airways International,10,1689.22,1602.8073333333334
Thai Airways International,11,1256.858,1494.4496666666666
Thai Airways International,12,1177.016,1374.3646666666666
Eva Air,1,117.341,
Eva Air,2,130.819,
Eva Air,3,125.764,124.64133333333332
Eva Air,4,141.313,132.63199999999998
Eva Air,5,131.819,132.96533333333332
Eva Air,6,182.901,152.011
Eva Air,7,215.878,176.86599999999999
Eva Air,8,192.78,197.18633333333332
Eva Air,9,189.358,199.33866666666665
Eva Air,10,159.575,180.571
Eva Air,11,213.212,187.38166666666666
Eva Air,12,221.546,198.111
Singapore Airlines,1,6585.6759999999995,
Singapore Airlines,2,6130.3330000000005,
Singapore Airlines,3,7473.498,6729.835666666666
Singapore Airlines,4,7340.533,6981.454666666667
Singapore Airlines,5,7932.409000000001,7582.146666666667
Singapore Airlines,6,7943.976,7738.9726666666675
Singapore Airlines,7,8301.101,8059.162
Singapore Airlines,8,8325.136,8190.071
Singapore Airlines,9,8137.798,8254.678333333333
Singapore Airlines,10,8015.533,8159.488999999999
Singapore Airlines,11,8416.413,8189.914666666667
Singapore Airlines,12,7358.6669999999995,7930.204333333332
Vietnam Airlines,1,745.365,
Vietnam Airlines,2,833.718,
Vietnam Airlines,3,848.905,809.3293333333332
Vietnam Airlines,4,948.114,876.9123333333333
Vietnam Airlines,5,886.198,894.4056666666667
Vietnam Airlines,6,873.789,902.7003333333332
Vietnam Airlines,7,880.212,880.0663333333332
Vietnam Airlines,8,934.759,896.2533333333334
Vietnam Airlines,9,995.323,936.7646666666666
Vietnam Airlines,10,897.861,942.6476666666667
Vietnam Airlines,11,898.625,930.6030000000001
Vietnam Airlines,12,782.378,859.6213333333334
Delta Air Lines,1,182.356,
Delta Air Lines,2,251.166,
Delta Air Lines,3,266.86,233.4606666666667
Delta Air Lines,4,270.317,262.781
Delta Air Lines,5,277.592,271.5896666666667
Delta Air Lines,6,325.591,291.1666666666667
Delta Air Lines,7,408.366,337.183
Delta Air Lines,8,403.997,379.31800000000004
Delta Air Lines,9,287.306,366.55633333333327
Delta Air Lines,10,291.348,327.5503333333333
Delta Air Lines,11,208.682,262.44533333333334
Delta Air Lines,12,218.173,239.40099999999998
All Nippon Airways,1,351.081,
All Nippon Airways,2,284.474,
All Nippon Airways,3,258.88,298.145
All Nippon Airways,4,350.869,298.0743333333333
All Nippon Airways,5,318.562,309.43700000000007
All Nippon Airways,6,412.911,360.7806666666667
All Nippon Airways,7,421.82,384.43100000000004
All Nippon Airways,8,491.393,442.0413333333333
All Nippon Airways,9,458.145,457.1193333333333
All Nippon Airways,10,436.545,462.0276666666667
All Nippon Airways,11,449.911,448.2003333333334
All Nippon Airways,12,437.036,441.164
Philippine Airlines,1,176.298,
Philippine Airlines,2,175.047,
Philippine Airlines,3,223.543,191.62933333333334
Philippine Airlines,4,302.987,233.859
Philippine Airlines,5,209.019,245.183
Philippine Airlines,6,299.883,270.62966666666665
Philippine Airlines,7,299.014,269.3053333333333
Philippine Airlines,8,147.699,248.86533333333333
Philippine Airlines,9,122.919,189.87733333333335
Philippine Airlines,10,171.228,147.282
Philippine Airlines,11,74.239,122.79533333333332
Philippine Airlines,12,103.225,116.23066666666666
Hong Kong Airlines,1,244.146,
Hong Kong Airlines,2,185.75,
Hong Kong Airlines,3,220.882,216.92600000000002
Hong Kong Airlines,4,154.319,186.98366666666666
Hong Kong Airlines,5,205.888,193.69633333333334
Hong Kong Airlines,6,163.881,174.696
Hong Kong Airlines,7,140.408,170.059
Hong Kong Airlines,8,138.504,147.59766666666664
Hong Kong Airlines,9,143.656,140.856
Hong Kong Airlines,10,108.858,130.33933333333331
Hong Kong Airlines,11,0.0,84.17133333333334
Hong Kong Airlines,12,0.0,36.286
United Parcel Service,1,1491.47,
United Parcel Service,2,1570.26,
United Parcel Service,3,1755.427,1605.719
United Parcel Service,4,1758.35,1694.6789999999999
United Parcel Service,5,2033.8,1849.1923333333332
United Parcel Service,6,1837.126,1876.4253333333334
United Parcel Service,7,1636.14,1835.6886666666667
United Parcel Service,8,1796.316,1756.5273333333334
United Parcel Service,9,1719.937,1717.4643333333333
United Parcel Service,10,1940.736,1818.9963333333333
United Parcel Service,11,1447.053,1702.5753333333334
United Parcel Service,12,1404.977,1597.5886666666668
Sichuan Airlines,1,107.935,
Sichuan Airlines,2,102.876,
Sichuan Airlines,3,97.613,102.80799999999999
Sichuan Airlines,4,113.823,104.77066666666667
Sichuan Airlines,5,64.062,91.83266666666667
Sichuan Airlines,6,54.437,77.44066666666667
Sichuan Airlines,7,118.783,79.094
Sichuan Airlines,8,57.41,76.87666666666667
Sichuan Airlines,9,63.611,79.93466666666667
Sichuan Airlines,10,91.089,70.70333333333333
Sichuan Airlines,11,73.62,76.10666666666667
Sichuan Airlines,12,67.123,77.27733333333335
Air Mauritius,1,58.99,
Air Mauritius,2,42.747,
Air Mauritius,3,38.961,46.89933333333334
Air Mauritius,4,30.694,37.46733333333333
Air Mauritius,5,36.567,35.407333333333334
Air Mauritius,6,18.443,28.567999999999998
Air Mauritius,7,36.434,30.481333333333335
Air Mauritius,8,54.733,36.53666666666666
Air Mauritius,9,59.993,50.38666666666666
Air Mauritius,10,53.25,55.992
Air Mauritius,11,48.86,54.034333333333336
Air Mauritius,12,54.777,52.29566666666667
Hawaiian Airlines,1,154.211,
Hawaiian Airlines,2,153.312,
Hawaiian Airlines,3,175.42,160.981
Hawaiian Airlines,4,148.406,159.04600000000002
Hawaiian Airlines,5,160.902,161.576
Hawaiian Airlines,6,154.05,154.4526666666667
Hawaiian Airlines,7,158.072,157.67466666666667
Hawaiian Airlines,8,190.967,167.69633333333334
Hawaiian Airlines,9,183.036,177.35833333333335
Hawaiian Airlines,10,175.915,183.306
Hawaiian Airlines,11,174.133,177.69466666666668
Hawaiian Airlines,12,165.036,171.69466666666668
Air China,1,915.455,
Air China,2,645.869,
Air China,3,594.755,718.6930000000001
Air China,4,580.109,606.9110000000001
Air China,5,546.435,573.7663333333334
Air China,6,483.888,536.8106666666666
Air China,7,390.908,473.7436666666667
Air China,8,346.018,406.93799999999993
Air China,9,356.815,364.58033333333333
Air China,10,403.666,368.8329999999999
Air China,11,343.36,367.94699999999995
Air China,12,582.127,443.05099999999993
Korean Air,1,207.415,
Korean Air,2,220.657,
Korean Air,3,250.183,226.085
Korean Air,4,173.781,214.8736666666667
Korean Air,5,217.645,213.8696666666667
Korean Air,6,193.269,194.89833333333334
Korean Air,7,200.954,203.95600000000002
Korean Air,8,160.628,184.95033333333333
Korean Air,9,196.202,185.928
Korean Air,10,178.504,178.44466666666665
Korean Air,11,184.351,186.35233333333335
Korean Air,12,192.291,185.04866666666666
British Airways,1,355.34499999999997,
British Airways,2,350.395,
British Airways,3,390.162,365.3006666666667
British Airways,4,397.439,379.33199999999994
British Airways,5,432.96500000000003,406.85533333333336
British Airways,6,417.371,415.925
British Airways,7,358.712,403.016
British Airways,8,389.72700000000003,388.6033333333333
British Airways,9,408.469,385.63599999999997
British Airways,10,435.483,411.22633333333334
British Airways,11,415.371,419.7743333333333
British Airways,12,358.615,403.15633333333335
South African Airways,1,101.016,
South African Airways,2,89.66,
South African Airways,3,87.317,92.66433333333333
South African Airways,4,85.291,87.42266666666666
South African Airways,5,134.309,102.30566666666668
South African Airways,6,63.751,94.45033333333333
South African Airways,7,97.022,98.36066666666666
South African Airways,8,148.876,103.21633333333334
South African Airways,9,93.301,113.06633333333333
South African Airways,10,109.216,117.13100000000001
South African Airways,11,109.655,104.05733333333335
South African Airways,12,76.207,98.35933333333332
Hainan Airlines,1,298.271,
Hainan Airlines,2,274.701,
Hainan Airlines,3,364.18,312.384
Hainan Airlines,4,525.08,387.9870000000001
Hainan Airlines,5,539.628,476.29600000000005
Hainan Airlines,6,475.412,513.3733333333333
Hainan Airlines,7,439.573,484.87100000000004
Hainan Airlines,8,459.583,458.1893333333333
Hainan Airlines,9,443.592,447.5826666666667
Hainan Airlines,10,493.834,465.66966666666667
Hainan Airlines,11,523.868,487.098
Hainan Airlines,12,456.362,491.3546666666667
Pacific Air Express,1,0.0,
Pacific Air Express,2,1.838,
Pacific Air Express,3,16.701999999999998,6.18
Pacific Air Express,4,17.831,12.123666666666665
Pacific Air Express,5,2.404,12.312333333333333
Pacific Air Express,6,5.555,8.596666666666666
Pacific Air Express,7,4.275,4.078
Pacific Air Express,8,0.428,3.419333333333334
Pacific Air Express,9,2.588,2.4303333333333335
Pacific Air Express,10,0.0,1.0053333333333334
Pacific Air Express,11,0.908,1.1653333333333333
Pacific Air Express,12,0.721,0.543
Qatar Airways,1,1036.208,
Qatar Airways,2,1201.823,
Qatar Airways,3,1684.483,1307.5046666666667
Qatar Airways,4,1319.306,1401.8706666666667
Qatar Airways,5,1324.052,1442.6136666666664
Qatar Airways,6,1457.789,1367.049
Qatar Airways,7,1116.379,1299.4066666666665
Qatar Airways,8,1254.935,1276.3676666666665
Qatar Airways,9,1286.44,1219.2513333333334
Qatar Airways,10,1266.026,1269.1336666666666
Qatar Airways,11,1279.96,1277.4753333333335
Qatar Airways,12,1194.794,1246.9266666666667
Xiamen Airlines,1,405.411,
Xiamen Airlines,2,230.289,
Xiamen Airlines,3,421.725,352.47499999999997
Xiamen Airlines,4,493.076,381.69666666666666
Xiamen Airlines,5,462.141,458.98066666666665
Xiamen Airlines,6,429.244,461.4870000000001
Xiamen Airlines,7,565.85,485.74500000000006
Xiamen Airlines,8,462.732,485.942
Xiamen Airlines,9,452.296,493.626
Xiamen Airlines,10,458.562,457.8633333333334
Xiamen Airlines,11,495.361,468.73966666666666
Xiamen Airlines,12,427.542,460.4883333333333
Solomon Airlines,1,6.895,
Solomon Airlines,2,3.652,
Solomon Airlines,3,7.081,5.876
Solomon Airlines,4,4.241,4.991333333333333
Solomon Airlines,5,4.172,5.164666666666666
Solomon Airlines,6,8.448,5.620333333333334
Solomon Airlines,7,1.397,4.6723333333333334
Solomon Airlines,8,8.577,6.140666666666668
Solomon Airlines,9,4.321,4.765000000000001
Solomon Airlines,10,5.472,6.123333333333334
Solomon Airlines,11,3.844,4.545666666666667
Solomon Airlines,12,2.402,3.9060000000000006
Air Vanuatu,1,2.534,
Air Vanuatu,2,3.058,
Air Vanuatu,3,5.485,3.6923333333333335
Air Vanuatu,4,5.139,4.560666666666666
Air Vanuatu,5,4.137,4.920333333333333
Air Vanuatu,6,3.313,4.1963333333333335
Air Vanuatu,7,2.593,3.3476666666666666
Air Vanuatu,8,3.083,2.9963333333333337
Air Vanuatu,9,3.82,3.165333333333333
Air Vanuatu,10,5.031,3.9779999999999998
Air Vanuatu,11,5.398,4.749666666666666
Air Vanuatu,12,1.841,4.089999999999999
Fiji Airways,1,328.541,
Fiji Airways,2,238.775,
Fiji Airways,3,294.333,287.21633333333335
Fiji Airways,4,264.492,265.8666666666666
Fiji Airways,5,253.096,270.64033333333333
Fiji Airways,6,349.286,288.958
Fiji Airways,7,422.174,341.51866666666666
Fiji Airways,8,424.748,398.73600000000005
Fiji Airways,9,285.242,377.388
Fiji Airways,10,346.801,352.26366666666667
Fiji Airways,11,271.443,301.162
Fiji Airways,12,274.867,297.70366666666666
Cathay Pacific Airways,1,2973.614,
Cathay Pacific Airways,2,2961.266,
Cathay Pacific Airways,3,3101.015,3011.965
Cathay Pacific Airways,4,3138.229,3066.8366666666666
Cathay Pacific Airways,5,3335.201,3191.4816666666666
Cathay Pacific Airways,6,3604.768,3359.3993333333333
Cathay Pacific Airways,7,3760.751,3566.906666666667
Cathay Pacific Airways,8,3750.148,3705.2223333333336
Cathay Pacific Airways,9,3269.604,3593.501
Cathay Pacific Airways,10,3641.467,3553.739666666667
Cathay Pacific Airways,11,3366.946,3426.0056666666665
Cathay Pacific Airways,12,3405.538,3471.3170000000005
Air Caledonie International,1,2.942,
Air Caledonie International,2,4.546,
Air Caledonie International,3,4.184,3.8906666666666667
Air Caledonie International,4,8.042,5.5906666666666665
Air Caledonie International,5,2.332,4.852666666666667
Air Caledonie International,6,4.765,5.046333333333333
Air Caledonie International,7,2.681,3.2593333333333327
Air Caledonie International,8,7.005,4.817
Air Caledonie International,9,4.509,4.7316666666666665
Air Caledonie International,10,4.714,5.4093333333333335
Air Caledonie International,11,3.119,4.114000000000001
Air Caledonie International,12,1.92,3.251
Air Niugini,1,57.807,
Air Niugini,2,41.888,
Air Niugini,3,30.262,43.318999999999996
Air Niugini,4,34.586,35.57866666666666
Air Niugini,5,33.631,32.82633333333333
Air Niugini,6,35.315,34.51066666666666
Air Niugini,7,29.128,32.69133333333334
Air Niugini,8,33.149,32.53066666666667
Air Niugini,9,26.1,29.459000000000003
Air Niugini,10,34.505,31.251333333333335
Air Niugini,11,49.681,36.762
Air Niugini,12,47.026,43.73733333333334
Royal Brunei Airlines,1,217.432,
Royal Brunei Airlines,2,245.29,
Royal Brunei Airlines,3,222.843,228.52166666666665
Royal Brunei Airlines,4,219.234,229.12233333333333
Royal Brunei Airlines,5,220.136,220.73766666666666
Royal Brunei Airlines,6,238.222,225.86400000000003
Royal Brunei Airlines,7,221.748,226.702
Royal Brunei Airlines,8,256.522,238.83066666666664
Royal Brunei Airlines,9,208.257,228.84233333333336
Royal Brunei Airlines,10,218.768,227.84900000000002
Royal Brunei Airlines,11,162.763,196.596
Royal Brunei Airlines,12,173.395,184.97533333333334
Beijing Capital Airlines,1,274.696,
Beijing Capital Airlines,2,141.459,
Beijing Capital Airlines,3,232.774,216.3096666666667
Beijing Capital Airlines,4,179.566,184.59966666666665
Beijing Capital Airlines,5,244.582,218.97400000000002
Beijing Capital Airlines,6,127.351,183.833
Beijing Capital Airlines,7,189.476,187.13633333333334
Beijing Capital Airlines,8,179.822,165.54966666666667
Beijing Capital Airlines,9,214.746,194.68133333333333
Beijing Capital Airlines,10,220.878,205.14866666666663
Beijing Capital Airlines,11,270.345,235.323
Beijing Capital Airlines,12,208.591,233.27133333333336
Etihad Airways,1,848.421,
Etihad Airways,2,933.752,
Etihad Airways,3,1295.386,1025.853
Etihad Airways,4,1339.662,1189.6
Etihad Airways,5,1476.626,1370.558
Etihad Airways,6,1459.776,1425.3546666666668
Etihad Airways,7,843.026,1259.8093333333334
Etihad Airways,8,921.163,1074.655
Etihad Airways,9,971.01,911.7330000000001
Etihad Airways,10,838.244,910.1390000000001
Etihad Airways,11,1051.326,953.5266666666666
Etihad Airways,12,861.618,917.0626666666667
Asiana Airlines,1,177.36,
Asiana Airlines,2,182.512,
Asiana Airlines,3,221.973,193.94833333333335
Asiana Airlines,4,198.753,201.07933333333335
Asiana Airlines,5,187.915,202.8803333333333
Asiana Airlines,6,175.038,187.23533333333333
Asiana Airlines,7,171.118,178.02366666666668
Asiana Airlines,8,152.174,166.11
Asiana Airlines,9,186.704,169.99866666666668
Asiana Airlines,10,155.154,164.67733333333334
Asiana Airlines,11,186.263,176.04033333333334
Asiana Airlines,12,148.353,163.25666666666666
Tasman Cargo Airlines,1,372.84,
Tasman Cargo Airlines,2,357.684,
Tasman Cargo Airlines,3,428.186,386.2366666666667
Tasman Cargo Airlines,4,352.124,379.33133333333336
Tasman Cargo Airlines,5,349.214,376.508
Tasman Cargo Airlines,6,266.972,322.77000000000004
Tasman Cargo Airlines,7,457.057,357.74766666666665
Tasman Cargo Airlines,8,557.201,427.07666666666665
Tasman Cargo Airlines,9,420.651,478.30300000000005
Tasman Cargo Airlines,10,540.008,505.9533333333334
Tasman Cargo Airlines,11,572.58,511.0796666666667
Tasman Cargo Airlines,12,562.282,558.2900000000001
Batik Air Indonesia,1,0.0,
Batik Air Indonesia,2,0.0,
Batik Air Indonesia,3,0.0,0.0
Batik Air Indonesia,4,0.0,0.0
Batik Air Indonesia,5,0.0,0.0
Batik Air Indonesia,6,0.0,0.0
Batik Air Indonesia,7,0.0,0.0
Batik Air Indonesia,8,0.0,0.0
Batik Air Indonesia,9,0.0,0.0
Batik Air Indonesia,10,0.0,0.0
Batik Air Indonesia,11,0.0,0.0
Batik Air Indonesia,12,0.0,0.0
Garuda Indonesia,1,470.093,
Garuda Indonesia,2,618.351,
Garuda Indonesia,3,698.287,595.5770000000001
Garuda Indonesia,4,686.38,667.6726666666667
Garuda Indonesia,5,680.312,688.3263333333334
Garuda Indonesia,6,710.513,692.4016666666666
Garuda Indonesia,7,485.699,625.508
Garuda Indonesia,8,453.867,550.0263333333334
Garuda Indonesia,9,567.911,502.49233333333336
Garuda Indonesia,10,798.928,606.902
Garuda Indonesia,11,921.879,762.906
Garuda Indonesia,12,778.274,833.027
United Airlines,1,447.902,
United Airlines,2,466.675,
United Airlines,3,608.083,507.5533333333333
United Airlines,4,470.636,515.1313333333334
United Airlines,5,651.034,576.5843333333333
United Airlines,6,785.151,635.607
United Airlines,7,816.568,750.9176666666666
United Airlines,8,669.017,756.9119999999999
United Airlines,9,584.04,689.875
United Airlines,10,601.231,618.096
United Airlines,11,520.772,568.681
United Airlines,12,511.446,544.4830000000001
China Eastern Airlines,1,771.312,
China Eastern Airlines,2,722.963,
China Eastern Airlines,3,859.117,784.4639999999999
China Eastern Airlines,4,785.431,789.1703333333334
China Eastern Airlines,5,671.602,772.0499999999998
China Eastern Airlines,6,587.39,681.4743333333334
China Eastern Airlines,7,733.08,664.024
China Eastern Airlines,8,648.924,656.4646666666666
China Eastern Airlines,9,755.301,712.435
China Eastern Airlines,10,860.572,754.9323333333333
China Eastern Airlines,11,851.998,822.6236666666667
China Eastern Airlines,12,618.893,777.1543333333334
Scoot Tigerair,1,365.844,
Scoot Tigerair,2,379.233,
Scoot Tigerair,3,653.334,466.137
Scoot Tigerair,4,294.74,442.4356666666666
Scoot Tigerair,5,269.601,405.89166666666665
Scoot Tigerair,6,519.595,361.31200000000007
Scoot Tigerair,7,393.012,394.06933333333336
Scoot Tigerair,8,423.018,445.2083333333333
Scoot Tigerair,9,408.393,408.141
Scoot Tigerair,10,547.537,459.64933333333335
Scoot Tigerair,11,434.758,463.5626666666667
Scoot Tigerair,12,370.264,450.853
Donghai Airlines,1,0.0,
Donghai Airlines,2,0.0,
Donghai Airlines,3,0.0,0.0
Donghai Airlines,4,0.0,0.0
Donghai Airlines,5,0.0,0.0
Donghai Airlines,6,0.0,0.0
Donghai Airlines,7,3.353,1.1176666666666668
Donghai Airlines,8,6.344,3.2323333333333335
Donghai Airlines,9,2.291,3.996
Donghai Airlines,10,0.0,2.8783333333333334
Donghai Airlines,11,6.572,2.954333333333333
Donghai Airlines,12,2.024,2.8653333333333335
Air India,1,143.658,
Air India,2,178.626,
Air India,3,161.396,161.22666666666666
Air India,4,118.285,152.76899999999998
Air India,5,114.179,131.28666666666666
Air India,6,117.306,116.58999999999999
Air India,7,132.568,121.351
Air India,8,140.629,130.1676666666667
Air India,9,188.073,153.7566666666667
Air India,10,240.194,189.63199999999998
Air India,11,243.853,224.04
Air India,12,165.693,216.58
Tianjin Airlines,1,17.906,
Tianjin Airlines,2,35.329,
Tianjin Airlines,3,33.061,28.76533333333333
Tianjin Airlines,4,69.667,46.019
Tianjin Airlines,5,57.644,53.45733333333333
Tianjin Airlines,6,179.56,102.29033333333332
Tianjin Airlines,7,170.11,135.77133333333333
Tianjin Airlines,8,227.354,192.34133333333332
Tianjin Airlines,9,194.743,197.40233333333333
Tianjin Airlines,10,237.239,219.77866666666668
Tianjin Airlines,11,205.68,212.55399999999997
Tianjin Airlines,12,309.142,250.687
Cebu Pacific Air,1,270.916,
Cebu Pacific Air,2,211.464,
Cebu Pacific Air,3,230.811,237.73033333333333
Cebu Pacific Air,4,204.986,215.75366666666665
Cebu Pacific Air,5,192.857,209.55133333333333
Cebu Pacific Air,6,218.535,205.45933333333332
Cebu Pacific Air,7,221.045,210.8123333333333
Cebu Pacific Air,8,265.563,235.0476666666667
Cebu Pacific Air,9,372.272,286.29333333333335
Cebu Pacific Air,10,380.768,339.53433333333334
Cebu Pacific Air,11,246.414,333.1513333333333
Cebu Pacific Air,12,276.229,301.137
Air Canada,1,268.328,
Air Canada,2,242.434,
Air Canada,3,336.101,282.28766666666667
Air Canada,4,389.111,322.54866666666663
Air Canada,5,433.189,386.13366666666667
Air Canada,6,522.835,448.3783333333334
Air Canada,7,370.029,442.0176666666667
Air Canada,8,438.725,443.863
Air Canada,9,338.763,382.5056666666667
Air Canada,10,339.253,372.247
Air Canada,11,340.477,339.49766666666665
Air Canada,12,375.061,351.597
Japan Airlines,1,249.797,
Japan Airlines,2,246.991,
Japan Airlines,3,331.094,275.96066666666667
Japan Airlines,4,316.186,298.0903333333333
Japan Airlines,5,424.094,357.12466666666666
Japan Airlines,6,398.777,379.6856666666666
Japan Airlines,7,510.922,444.5976666666667
Japan Airlines,8,504.217,471.3053333333333
Japan Airlines,9,341.119,452.086
Japan Airlines,10,454.734,433.3566666666666
Japan Airlines,11,317.595,371.14933333333335
Japan Airlines,12,331.834,368.0543333333333
Indonesia AirAsia,1,16.511,
Indonesia AirAsia,2,30.028,
Indonesia AirAsia,3,40.246,28.92833333333333
Indonesia AirAsia,4,19.555,29.943
Indonesia AirAsia,5,28.145,29.31533333333333
Indonesia AirAsia,6,22.662,23.453999999999997
Indonesia AirAsia,7,28.35,26.385666666666665
Indonesia AirAsia,8,20.859,23.957000000000004
Indonesia AirAsia,9,23.762,24.323666666666668
Indonesia AirAsia,10,12.162,18.92766666666667
Indonesia AirAsia,11,9.723,15.21566666666667
Indonesia AirAsia,12,10.153,10.679333333333334
Jin Air,1,0.0,
Jin Air,2,0.0,
Jin Air,3,0.0,0.0
Jin Air,4,0.0,0.0
Jin Air,5,0.0,0.0
Jin Air,6,0.0,0.0
Jin Air,7,0.0,0.0
Jin Air,8,0.0,0.0
Jin Air,9,0.0,0.0
Jin Air,10,0.0,0.0
Jin Air,11,0.0,0.0
Jin Air,12,0.0,0.0
